[
  {
    "id": "245742c6-ffc7-4c3a-a959-334a4be97f18",
    "data": [
      {
        "text": "Dessert and Drinks",
        "userDefined": false
      }
    ],
    "isTemplate": false,
    "count": 0,
    "lang": "en",
    "updated": 0
  },
  {
    "id": "34c5a610-a357-4fe1-a1db-40f12a4244e9",
    "data": [
      {
        "text": "Drinks",
        "userDefined": false
      }
    ],
    "isTemplate": false,
    "count": 0,
    "lang": "en",
    "updated": 0
  },
  {
    "id": "adafebd7-915d-43d8-a2b3-42fe9100e0b7",
    "data": [
      {
        "text": "Dessert",
        "userDefined": false
      }
    ],
    "isTemplate": false,
    "count": 0,
    "lang": "en",
    "updated": 0
  }
]