[
  {
    "id": "9b5b63d5-ef6a-4077-8745-d50fdac2e664",
    "data": [
      {
        "text": "Main-menu",
        "userDefined": false
      }
    ],
    "isTemplate": false,
    "count": 0,
    "lang": "en",
    "updated": 0
  },
  {
    "id": "276e1ab0-6d41-4119-927b-29cc2a76a738",
    "data": [
      {
        "text": "Main",
        "userDefined": false
      }
    ],
    "isTemplate": false,
    "count": 0,
    "lang": "en",
    "updated": 0
  },
  {
    "id": "138c3c72-895e-4852-ac45-3de96d567f29",
    "data": [
      {
        "text": "Main menu",
        "userDefined": false
      }
    ],
    "isTemplate": false,
    "count": 0,
    "lang": "en",
    "updated": 0
  }
]