[
  {
    "id": "f8a40c31-b5ab-491f-ab85-dfd0cd1a7aa0",
    "data": [
      {
        "text": "Chocolate Milkshake",
        "meta": "@sys.any",
        "alias": "any",
        "userDefined": true
      }
    ],
    "isTemplate": false,
    "count": 0,
    "lang": "en",
    "updated": 0
  },
  {
    "id": "aa55cb8e-84e3-4d9a-b7bb-25244472fe0e",
    "data": [
      {
        "text": "Biryani",
        "meta": "@sys.any",
        "alias": "any",
        "userDefined": true
      }
    ],
    "isTemplate": false,
    "count": 0,
    "lang": "en",
    "updated": 0
  },
  {
    "id": "dab54e03-5f06-4473-ac84-8040581eebdf",
    "data": [
      {
        "text": "Cake",
        "meta": "@sys.any",
        "alias": "any",
        "userDefined": true
      }
    ],
    "isTemplate": false,
    "count": 0,
    "lang": "en",
    "updated": 0
  },
  {
    "id": "0c9f0b38-64bb-446f-b57f-935f69cf261e",
    "data": [
      {
        "text": "Cold Drink",
        "meta": "@sys.any",
        "alias": "any",
        "userDefined": true
      }
    ],
    "isTemplate": false,
    "count": 0,
    "lang": "en",
    "updated": 0
  },
  {
    "id": "09d39a8f-3605-42c7-bb80-ea83e97c3386",
    "data": [
      {
        "text": "Cold Drinkjs",
        "meta": "@sys.any",
        "alias": "any",
        "userDefined": true
      }
    ],
    "isTemplate": false,
    "count": 0,
    "lang": "en",
    "updated": 0
  },
  {
    "id": "2aae64a8-e827-4f2c-8622-4e278c698d0d",
    "data": [
      {
        "text": "Soft Drinks",
        "meta": "@sys.any",
        "alias": "any",
        "userDefined": true
      }
    ],
    "isTemplate": false,
    "count": 0,
    "lang": "en",
    "updated": 0
  },
  {
    "id": "3486162f-00e8-4271-adc0-b8a79d01b0ff",
    "data": [
      {
        "text": "Pasta",
        "meta": "@sys.any",
        "alias": "any",
        "userDefined": true
      }
    ],
    "isTemplate": false,
    "count": 0,
    "lang": "en",
    "updated": 0
  },
  {
    "id": "b16f7c38-c3ac-4112-afdf-5ebf1db75461",
    "data": [
      {
        "text": "Margherita Pizza",
        "meta": "@sys.any",
        "alias": "any",
        "userDefined": true
      }
    ],
    "isTemplate": false,
    "count": 0,
    "lang": "en",
    "updated": 0
  },
  {
    "id": "8988b580-63ef-4fd4-8113-63b84fa555b5",
    "data": [
      {
        "text": "Pav-bhaji",
        "meta": "@sys.any",
        "alias": "any",
        "userDefined": true
      }
    ],
    "isTemplate": false,
    "count": 0,
    "lang": "en",
    "updated": 0
  },
  {
    "id": "e1e7670d-fd6b-4ecf-87a4-72b49c2fa2a2",
    "data": [
      {
        "text": "Ice-cream",
        "meta": "@sys.any",
        "alias": "any",
        "userDefined": true
      }
    ],
    "isTemplate": false,
    "count": 0,
    "lang": "en",
    "updated": 0
  }
]